nama_kabupaten_kota,nama_kecamatan,nama_kelurahan,jumlah target kasus tb,jumlah penderita tb,jumlah_penduduk_wni_wna,jumlah_kepadatan,Garis Kemiskinan (rupiah/kapita/bulan),Jumlah Penduduk Miskin (ribu),Persentase Penduduk Miskin,Jumlah Rumah Sakit Umum,Jumlah Rumah Sakit Khusus
KAB.ADM.KEP.SERIBU,KEP. SERIBU UTR,P. PANGGANG,83,12,"7,257","7,799",197776.3116,0.613342929,2.35811137,1,0
KAB.ADM.KEP.SERIBU,KEP. SERIBU UTR,P. KELAPA,85,7,"7,432","7,823",202545.6177,0.628133478,2.414976395,0,0
KAB.ADM.KEP.SERIBU,KEP. SERIBU UTR,P. HARAPAN,31,8,"2,756",578,75109.75813,0.232930014,0.895542915,0,0
KAB.ADM.KEP.SERIBU,KEP. SERIBU SLT,P. UNTUNG JAWA,30,3,"2,647","1,891",72139.16175,0.223717615,0.860124128,0,0
KAB.ADM.KEP.SERIBU,KEP. SERIBU SLT,P. TIDUNG,70,3,"6,158","5,402",167825.0692,0.520458282,2.00099901,0,0
KAB.ADM.KEP.SERIBU,KEP. SERIBU SLT,P. PARI,43,6,"3,772","2,232",102798.9868,0.318799714,1.225685006,0,0
JAKARTA PUSAT,GAMBIR,GAMBIR,97,24,"3,766","1,469",2038.018826,0.124217275,0.013610569,0,2
JAKARTA PUSAT,GAMBIR,CIDENG,455,112,"18,021","14,172",9752.293483,0.594402418,0.065129066,1,1
JAKARTA PUSAT,GAMBIR,PETOJO UTARA,531,131,"20,845","18,257",11280.53702,0.687548882,0.075335186,0,1
JAKARTA PUSAT,GAMBIR,PETOJO SELATAN,457,113,"17,764","15,432",9613.214662,0.585925562,0.064200252,0,1
JAKARTA PUSAT,GAMBIR,KEBON KELAPA,305,75,"11,938","15,077",6460.400621,0.393761504,0.043144709,0,
JAKARTA PUSAT,GAMBIR,DURI PULO,615,152,"23,947","34,670",12959.2238,0.789864863,0.086546016,0,
JAKARTA PUSAT,SAWAH BESAR,PASAR BARU,385,95,"14,756","8,321",7985.397183,0.486710065,0.053329144,0,
JAKARTA PUSAT,SAWAH BESAR,KARANG ANYAR,817,202,"31,453","66,887",17021.19122,1.037441832,0.113673188,1,1
JAKARTA PUSAT,SAWAH BESAR,KARTINI,714,176,"26,429","46,328",14302.38968,0.871730842,0.095516125,0,
JAKARTA PUSAT,SAWAH BESAR,GUNUNG SAHARI UTARA,550,136,"19,884","15,010",10760.47964,0.655851378,0.07186207,0,
JAKARTA PUSAT,SAWAH BESAR,MANGGA DUA SELATAN,925,228,"34,021","25,857",18410.8971,1.122144424,0.122954107,1,1
JAKARTA PUSAT,KEMAYORAN,KEMAYORAN,694,171,"25,344","42,198",13715.22812,0.835943337,0.091594865,0,
JAKARTA PUSAT,KEMAYORAN,KEBON KOSONG,1031,254,"37,965","37,445",20545.24289,1.252232828,0.13720798,1,
JAKARTA PUSAT,KEMAYORAN,HARAPAN MULIA,781,193,"28,228","53,249",15275.94143,0.931068834,0.102017828,0,
JAKARTA PUSAT,KEMAYORAN,SERDANG,1036,256,"36,998","45,101",20021.93853,1.220337421,0.133713179,1,
JAKARTA PUSAT,KEMAYORAN,GUNUNG SAHARI SELATAN,649,160,"23,219","14,765",12565.25733,0.765852602,0.083914977,1,
JAKARTA PUSAT,KEMAYORAN,CEMPAKA BARU,1117,276,"40,597","41,831",21969.58318,1.339046388,0.146720199,,1
JAKARTA PUSAT,KEMAYORAN,SUMUR BATU,783,193,"28,133","24,180",15224.53097,0.927935366,0.101674492,,
JAKARTA PUSAT,KEMAYORAN,UTAN PANJANG,1021,252,"36,886","68,274",19961.32831,1.216643227,0.133308404,,
JAKARTA PUSAT,SENEN,SENEN,239,59,"8,217","9,974",4446.734118,0.271028504,0.029696773,1,
JAKARTA PUSAT,SENEN,KENARI,334,82,"11,501","12,627",6223.91251,0.379347551,0.041565362,2,3
JAKARTA PUSAT,SENEN,PASEBAN,847,209,"28,986","34,079",15686.14277,0.956070611,0.10475729,2,
JAKARTA PUSAT,SENEN,KRAMAT,1036,256,"35,511","49,997",19217.22956,1.171290398,0.128339064,,
JAKARTA PUSAT,SENEN,KWITANG,570,141,"18,894","41,971",10224.72854,0.623197341,0.068284145,,
JAKARTA PUSAT,SENEN,BUNGUR,686,169,"22,024","32,858",11918.56787,0.726436871,0.079596169,,
JAKARTA PUSAT,CEMPAKA PUTIH,CEMPAKA PUTIH TIMUR,893,220,"28,520","12,936",15433.96094,0.940700126,0.103073135,4,
JAKARTA PUSAT,CEMPAKA PUTIH,CEMPAKA PUTIH BARAT,1369,338,"43,831","34,479",23719.70344,1.445716241,0.158408085,,
JAKARTA PUSAT,CEMPAKA PUTIH,RAWASARI,805,199,"26,363","21,240",14266.67294,0.869553906,0.095277597,1,
JAKARTA PUSAT,MENTENG,MENTENG,953,235,"30,761","12,536",16646.70661,1.01461699,0.111172255,1,1
JAKARTA PUSAT,MENTENG,PEGANGSAAN,876,216,"28,265","29,102",15295.96445,0.932289237,0.102151549,,2
JAKARTA PUSAT,MENTENG,CIKINI,312,77,"9,904","12,370",5359.675637,0.326672302,0.0357937,1,
JAKARTA PUSAT,MENTENG,GONDANGDIA,146,36,"4,597","3,063",2487.725051,0.151626875,0.016613857,1,3
JAKARTA PUSAT,MENTENG,KEBON SIRIH,461,114,"14,736","16,929",7974.573928,0.486050387,0.053256863,1,
JAKARTA PUSAT,TANAH ABANG,GELORA,120,30,"3,815","1,122",2064.535799,0.125833485,0.013787658,,
JAKARTA PUSAT,TANAH ABANG,BENDUNGAN HILIR,798,197,"25,848","16,131",13987.97414,0.852567211,0.093416354,1,1
JAKARTA PUSAT,TANAH ABANG,KARET TENGSIN,732,181,"24,079","15,466",13030.65728,0.794218735,0.087023072,2,
JAKARTA PUSAT,TANAH ABANG,PETAMBURAN,1230,303,"41,273","46,338",22335.40918,1.361343488,0.149163307,,
JAKARTA PUSAT,TANAH ABANG,KEBON MELATI,1192,294,"40,131","31,786",21717.40135,1.323675902,0.145036045,,
JAKARTA PUSAT,TANAH ABANG,KEBON KACANG,780,193,"26,298","35,497",14231.49736,0.867409954,0.095042683,,
JAKARTA PUSAT,TANAH ABANG,KAMPUNG BALI,416,103,"13,667","19,501",7396.070974,0.450790625,0.049393427,,
JAKARTA PUSAT,JOHAR BARU,JOHAR BARU,1391,343,"45,032","38,142",24369.63987,1.485329876,0.162748578,,
JAKARTA PUSAT,JOHAR BARU,KAMPUNG RAWA,837,206,"26,440","91,155",14308.34247,0.872093665,0.09555588,,
JAKARTA PUSAT,JOHAR BARU,GALUR,750,185,"22,013","75,900",11912.61508,0.726074049,0.079556414,,
JAKARTA PUSAT,JOHAR BARU,TANAH TINGGI,1673,413,"46,980","74,538",25423.82486,1.549582465,0.169788776,1,
JAKARTA UTARA,PENJARINGAN,PENJARINGAN,4552,1541,"114,534","24,775",113282.4071,23.471535,1.270723947,23,2
JAKARTA UTARA,PENJARINGAN,KAMAL MUARA,718,243,"17,827","1,560",17632.19194,3.653299932,0.197785774,0,1
JAKARTA UTARA,PENJARINGAN,KAPUK MUARA,1852,627,"46,979","5,117",46465.62771,9.627440259,0.521219378,1,0
JAKARTA UTARA,PENJARINGAN,PEJAGALAN,3530,1195,"91,307","24,521",90309.22474,18.71160918,1.013026624,1,1
JAKARTA UTARA,PENJARINGAN,PLUIT,2254,763,"59,142","7,566",58495.71413,12.1200126,0.656164594,1,0
JAKARTA UTARA,TANJUNG PRIOK,TANJUNG PRIOK,1589,538,"43,670","11,598",43192.78746,8.949324509,0.484506913,2,0
JAKARTA UTARA,TANJUNG PRIOK,SUNTER JAYA,2768,937,"80,289","15,393",79411.62611,16.45368252,0.890784876,0,0
JAKARTA UTARA,TANJUNG PRIOK,PAPANGGO,1702,576,"50,552","16,490",49999.58305,10.35965772,0.560860853,0,1
JAKARTA UTARA,TANJUNG PRIOK,SUNGAI BAMBU,1287,436,"37,643","16,009",37231.64869,7.714207064,0.417638968,1,1
JAKARTA UTARA,TANJUNG PRIOK,KEBON BAWANG,2232,755,"64,198","36,679",63496.46369,13.15614231,0.712259555,1,1
JAKARTA UTARA,TANJUNG PRIOK,SUNTER AGUNG,3200,1083,"88,809","16,646",87838.52213,18.19969224,0.985311986,3,0
JAKARTA UTARA,TANJUNG PRIOK,WARAKAS,2072,701,"57,133","52,882",56508.66787,11.70830678,0.633875279,0,0
JAKARTA UTARA,KOJA,KOJA,1333,451,"35,643","13,595",35253.50409,7.304345625,0.395449505,1,0
JAKARTA UTARA,KOJA,TUGU UTARA,3173,1074,"88,492","37,803",87524.98621,18.13472921,0.981794956,3,0
JAKARTA UTARA,KOJA,LAGOA,2873,973,"76,754","48,264",75915.25552,15.72925242,0.851565001,0,0
JAKARTA UTARA,KOJA,RAWA BADAK UTARA,1776,601,"44,289","34,328",43805.02321,9.076176624,0.491374551,0,0
JAKARTA UTARA,KOJA,TUGU SELATAN,2102,711,"51,950","27,624",51382.30613,10.64615086,0.576371287,0,0
JAKARTA UTARA,KOJA,RAWA BADAK SELATAN,2311,782,"55,346","30,069",54741.19567,11.34209559,0.614048995,0,0
JAKARTA UTARA,CILINCING,CILINCING,2507,849,"59,752","8,138",59099.04823,12.24502034,0.66293238,0,0
JAKARTA UTARA,CILINCING,SUKAPURA,2773,939,"69,399","11,798",68640.62874,14.22198698,0.769963253,2,0
JAKARTA UTARA,CILINCING,MARUNDA,1572,532,"39,598","5,122",39165.28504,8.11484662,0.439329167,0,0
JAKARTA UTARA,CILINCING,KALI BARU,3511,1189,"89,964","35,549",88980.90064,18.43638722,0.9981264,0,0
JAKARTA UTARA,CILINCING,SEMPER TIMUR,1886,638,"47,010","10,952",46496.28895,9.633793111,0.521563315,1,0
JAKARTA UTARA,CILINCING,ROROTAN,2348,795,"58,253","5,490",57616.42885,11.93782919,0.646301378,0,0
JAKARTA UTARA,CILINCING,SEMPER BARAT,3561,1205,"89,051","26,972",88077.87763,18.24928548,0.987996911,0,0
JAKARTA UTARA,PADEMANGAN,PADEMANGAN TIMUR,1883,637,"46,943","16,100",46430.02111,9.620062753,0.520819968,1,0
JAKARTA UTARA,PADEMANGAN,PADEMANGAN BARAT,3762,1273,"93,679","60,386",92655.30425,19.19770485,1.039343327,1,0
JAKARTA UTARA,PADEMANGAN,ANCOL,1316,445,"30,713","3,861",30377.37763,6.29403718,0.34075248,0,0
JAKARTA UTARA,KELAPA GADING,KELAPA GADING TIMUR,1661,562,"40,285","12,610",39844.77771,8.255634024,0.446951248,0,0
JAKARTA UTARA,KELAPA GADING,PEGANGSAAN DUA,2546,862,"61,507","10,979",60834.87012,12.60467375,0.682403634,1,0
JAKARTA UTARA,KELAPA GADING,KELAPA GADING BARAT,1796,608,"44,509","5,892",44022.61912,9.121261382,0.493815392,1,0
JAKARTA SELATAN,TEBET,TEBET TIMUR,948,190,"21,537","16,058",14336.75482,1.380029412,0.059890316,37,8
JAKARTA SELATAN,TEBET,TEBET BARAT,1100,220,"25,701","15,559",17108.64724,1.646846632,0.071469611,3,0
JAKARTA SELATAN,TEBET,MENTENG DALAM,1894,379,"44,900","17,629",29889.04171,2.877063685,0.124858392,0,0
JAKARTA SELATAN,TEBET,KEBON BARU,1782,357,"43,588","34,013",29015.66927,2.792994475,0.121209969,0,0
JAKARTA SELATAN,TEBET,BUKIT DURI,1725,345,"42,314","38,810",28167.59267,2.711360196,0.117667216,0,0
JAKARTA SELATAN,TEBET,MANGGARAI SELATAN,1175,235,"28,517","50,009",18983.20273,1.827287864,0.079300373,0,0
JAKARTA SELATAN,TEBET,MANGGARAI,1487,298,"35,698","33,043",23763.45236,2.287425823,0.099269374,0,0
JAKARTA SELATAN,SETIA BUDI,SETIA BUDI,150,30,"3,576","5,225",2380.472453,0.229139861,0.009944178,0,0
JAKARTA SELATAN,SETIA BUDI,KARET SEMANGGI,140,28,"3,394","3,659",2259.318654,0.217477821,0.009438071,1,1
JAKARTA SELATAN,SETIA BUDI,KARET KUNINGAN,793,159,"19,664","11,124",13089.93577,1.260012924,0.054681858,2,0
JAKARTA SELATAN,SETIA BUDI,KARET,460,92,"11,505","12,210",7658.650888,0.737207521,0.031993225,0,0
JAKARTA SELATAN,SETIA BUDI,MENTENG ATAS,1364,273,"34,269","31,950",22812.19533,2.195859586,0.095295595,0,1
JAKARTA SELATAN,SETIA BUDI,PASAR MANGGIS,1352,271,"33,480","42,361",22286.97364,2.145302721,0.093101536,1,0
JAKARTA SELATAN,SETIA BUDI,GUNTUR,190,38,"4,629","8,221",3081.433721,0.296613091,0.012872372,0,1
JAKARTA SELATAN,SETIA BUDI,KUNINGAN TIMUR,290,58,"7,397","3,265",4924.03656,0.473978621,0.020569655,1,0
JAKARTA SELATAN,MAMPANG PRAPATAN,MAMPANG PRAPATAN,875,175,"22,855","28,909",15214.12134,1.464483085,0.063555424,1,0
JAKARTA SELATAN,MAMPANG PRAPATAN,BANGKA,1037,207,"26,848","8,303",17872.18245,1.720343114,0.074659201,0,0
JAKARTA SELATAN,MAMPANG PRAPATAN,PELA MAMPANG,2032,407,"53,661","27,061",35721.06609,3.438443528,0.149221073,0,0
JAKARTA SELATAN,MAMPANG PRAPATAN,TEGAL PARANG,1536,307,"40,475","38,171",26943.40675,2.593522331,0.112553305,0,0
JAKARTA SELATAN,MAMPANG PRAPATAN,KUNINGAN BARAT,611,122,"15,933","16,076",10606.28289,1.020941107,0.044306654,0,0
JAKARTA SELATAN,PASAR MINGGU,PASAR MINGGU,1167,234,"30,696","15,971",20433.71992,1.966911957,0.085359759,1,0
JAKARTA SELATAN,PASAR MINGGU,JATI PADANG,1732,347,"46,784","17,980",31143.18324,2.997785021,0.130097439,0,0
JAKARTA SELATAN,PASAR MINGGU,CILANDAK TIMUR,1154,231,"31,428","8,057",20920.99784,2.013816425,0.087395313,1,0
JAKARTA SELATAN,PASAR MINGGU,RAGUNAN,1793,359,"49,469","10,470",32930.53462,3.169832148,0.137563915,2,1
JAKARTA SELATAN,PASAR MINGGU,PEJATEN TIMUR,2638,528,"73,201","25,051",48728.45751,4.690510887,0.20355811,0,0
JAKARTA SELATAN,PASAR MINGGU,PEJATEN BARAT,1680,336,"46,580","15,397",31007.38447,2.984713284,0.129530154,1,0
JAKARTA SELATAN,PASAR MINGGU,KEBAGUSAN,2070,414,"57,666","20,964",38387.11535,3.695072483,0.160358219,0,0
JAKARTA SELATAN,KEBAYORAN LAMA,KEBAYORAN LAMA UTARA,1912,383,"53,575","26,891",35663.81759,3.432932894,0.148981923,0,0
JAKARTA SELATAN,KEBAYORAN LAMA,PONDOK PINANG,2543,509,"70,909","10,288",47202.71846,4.543646077,0.197184493,2,0
JAKARTA SELATAN,KEBAYORAN LAMA,CIPULIR,1790,358,"50,208","26,551",33422.4723,3.217185156,0.139618934,0,1
JAKARTA SELATAN,KEBAYORAN LAMA,GROGOL UTARA,1910,382,"53,187","15,882",35405.53366,3.408070963,0.147902969,0,0
JAKARTA SELATAN,KEBAYORAN LAMA,GROGOL SELATAN,1987,398,"55,403","17,551",36880.68102,3.55006591,0.154065245,0,0
JAKARTA SELATAN,KEBAYORAN LAMA,KEBAYORAN LAMA SELATAN,1831,367,"51,205","21,684",34086.15547,3.281070067,0.142391402,2,0
JAKARTA SELATAN,CILANDAK,CILANDAK BARAT,2278,456,"63,499","10,652",42270.02805,4.068834453,0.176578687,4,0
JAKARTA SELATAN,CILANDAK,LEBAK BULUS,1691,338,"47,328","10,703",31505.31328,3.032642987,0.1316102,0,0
JAKARTA SELATAN,CILANDAK,PONDOK LABU,2092,419,"58,418","16,442",38887.70687,3.743258494,0.162449388,1,0
JAKARTA SELATAN,CILANDAK,GANDARIA SELATAN,971,194,"27,370","16,883",18219.66752,1.753791382,0.076110784,0,0
JAKARTA SELATAN,CILANDAK,CIPETE SELATAN,1176,235,"32,956","13,630",21938.15721,2.111726299,0.091644391,0,0
JAKARTA SELATAN,KEBAYORAN BARU,MELAWAI,106,21,"2,976","2,279",1981.064324,0.190693575,0.008275692,0,2
JAKARTA SELATAN,KEBAYORAN BARU,GUNUNG,403,81,"11,378","7,819",7574.109501,0.729069724,0.031640062,1,0
JAKARTA SELATAN,KEBAYORAN BARU,KRAMAT PELA,618,124,"17,537","13,780",11674.03395,1.123720843,0.048767074,2,0
JAKARTA SELATAN,KEBAYORAN BARU,SELONG,115,23,"3,271","2,242",2177.439987,0.209596332,0.009096031,0,0
JAKARTA SELATAN,KEBAYORAN BARU,RAWA BARAT,234,47,"6,709","10,123",4466.048571,0.429893547,0.018656458,0,0
JAKARTA SELATAN,KEBAYORAN BARU,SENAYAN,115,23,"3,344","2,241",2226.034643,0.214273964,0.00929903,0,0
JAKARTA SELATAN,KEBAYORAN BARU,PULO,232,47,"6,827","6,049",4544.598836,0.43745465,0.018984593,0,1
JAKARTA SELATAN,KEBAYORAN BARU,PETOGOGAN,470,94,"13,978","16,230",9304.878063,0.895670294,0.038870169,0,0
JAKARTA SELATAN,KEBAYORAN BARU,GANDARIA UTARA,1625,325,"48,908","31,128",32557.08802,3.133884871,0.13600388,0,0
JAKARTA SELATAN,KEBAYORAN BARU,CIPETE UTARA,1417,284,"42,418","24,305",28236.82341,2.718024218,0.11795642,2,0
JAKARTA SELATAN,PANCORAN,PANCORAN,825,165,"24,795","17,437",16505.54096,1.588792741,0.068950197,2,0
JAKARTA SELATAN,PANCORAN,KALIBATA,1771,354,"53,137","22,395",35372.24965,3.404867106,0.147763928,1,0
JAKARTA SELATAN,PANCORAN,RAWA JATI,882,177,"26,572","17,696",17688.45471,1.702657823,0.073891697,0,0
JAKARTA SELATAN,PANCORAN,DUREN TIGA,1167,234,"34,807","17,305",23170.33129,2.230333089,0.096791671,1,0
JAKARTA SELATAN,PANCORAN,PENGADEGAN,898,180,"26,872","28,276",17888.15877,1.721880966,0.07472594,0,0
JAKARTA SELATAN,PANCORAN,CIKOKO,436,87,"12,995","18,557",8650.51441,0.832682463,0.036136633,0,0
JAKARTA SELATAN,JAGAKARSA,JAGAKARSA,2723,545,"81,134","15,441",54009.29867,5.198834856,0.22561828,3,0
JAKARTA SELATAN,JAGAKARSA,SRENGSENG SAWAH,2514,503,"75,024","13,271",49941.99255,4.807323517,0.208627528,0,0
JAKARTA SELATAN,JAGAKARSA,CIGANJUR,1689,338,"50,615","13,711",33693.40415,3.243264553,0.140750724,1,1
JAKARTA SELATAN,JAGAKARSA,LENTENG AGUNG,2299,460,"69,118","21,659",46010.48519,4.428883915,0.192204061,0,0
JAKARTA SELATAN,JAGAKARSA,TANJUNG BARAT,1709,342,"51,043","14,165",33978.31528,3.27068957,0.141940911,0,0
JAKARTA SELATAN,JAGAKARSA,CIPEDAK,1705,341,"50,672","12,173",33731.34792,3.24691695,0.14090923,0,0
JAKARTA SELATAN,PESANGGRAHAN,PESANGGRAHAN,1185,237,"35,120","18,096",23378.6892,2.250389234,0.097662065,1,0
JAKARTA SELATAN,PESANGGRAHAN,BINTARO,2278,456,"67,353","15,020",44835.55961,4.315787759,0.18729593,1,1
JAKARTA SELATAN,PESANGGRAHAN,PETUKANGAN UTARA,2340,468,"68,939","24,437",45891.32843,4.417414107,0.191706296,0,0
JAKARTA SELATAN,PESANGGRAHAN,PETUKANGAN SELATAN,1631,326,"47,614","22,345",31695.69782,3.050969049,0.132405512,1,0
JAKARTA SELATAN,PESANGGRAHAN,ULUJAMI,1795,359,"52,417","24,952",34892.9599,3.358731563,0.145761745,1,0
JAKARTA TIMUR,MATRAMAN,PISANGAN BARU,2181,385,"39,578","48,835",17642.18321,3.541345789,0.120254181,32,9
JAKARTA TIMUR,MATRAMAN,UTAN KAYU UTARA,1955,345,"34,832","33,807",15526.61897,3.11668494,0.105833888,,
JAKARTA TIMUR,MATRAMAN,KAYU MANIS,1770,313,"31,189","56,587",13902.72506,2.79071792,0.094764961,,
JAKARTA TIMUR,MATRAMAN,PAL MERIAM,1408,249,"24,216","37,234",10794.45926,2.166790379,0.07357813,,1
JAKARTA TIMUR,MATRAMAN,KEBON MANGGIS,1184,209,"20,016","25,637",8922.278519,1.790984318,0.060816809,,
JAKARTA TIMUR,MATRAMAN,UTAN KAYU SELATAN,2446,432,"41,439","36,018",18471.73759,3.707863666,0.125908661,1,
JAKARTA TIMUR,PULO GADUNG,PULO GADUNG,2548,450,"42,917","23,964",19130.56691,3.840111609,0.130399431,1,
JAKARTA TIMUR,PULO GADUNG,PISANGAN TIMUR,3034,536,"50,925","27,080",22700.19153,4.5566485,0.154731016,,
JAKARTA TIMUR,PULO GADUNG,CIPINANG,2918,516,"48,564","31,520",21647.75849,4.345391806,0.147557331,,
JAKARTA TIMUR,PULO GADUNG,JATINEGARA KAUM,1908,337,"31,467","23,823",14026.64559,2.815592702,0.095609639,1,
JAKARTA TIMUR,PULO GADUNG,RAWAMANGUN,2800,495,"46,143","17,339",20568.58002,4.128766455,0.140201341,2,2
JAKARTA TIMUR,PULO GADUNG,KAYU PUTIH,3041,537,"50,320","12,911",22430.50835,4.502514531,0.152892778,4,
JAKARTA TIMUR,PULO GADUNG,JATI,2379,420,"39,931","19,095",17799.53555,3.572931394,0.121326739,,1
JAKARTA TIMUR,JATINEGARA,KAMPUNG MELAYU,1963,347,"32,987","70,174",14704.19672,2.951598705,0.100228022,1,
JAKARTA TIMUR,JATINEGARA,BIDARA CINA,2765,489,"45,072","35,469",20091.17393,4.032935909,0.136947204,,
JAKARTA TIMUR,JATINEGARA,BALI MESTER,700,124,"11,434","16,800",5096.789198,1.023087265,0.034741177,,
JAKARTA TIMUR,JATINEGARA,RAWA BUNGA,1634,289,"26,907","34,935",11993.99221,2.407574692,0.081754491,1,
JAKARTA TIMUR,JATINEGARA,CIPINANG CEMPEDAK,2408,426,"39,808","23,533",17744.7074,3.561925645,0.120953015,,
JAKARTA TIMUR,JATINEGARA,CIPINANG MUARA,4220,746,"69,389","25,310",30930.65468,6.20876353,0.210832213,,
JAKARTA TIMUR,JATINEGARA,CIPINANG BESAR SELATAN,2683,474,"45,223","26,273",20158.48329,4.046447032,0.137406004,,
JAKARTA TIMUR,JATINEGARA,CIPINANG BESAR UTARA,3500,619,"58,893","53,041",26251.98585,5.269606286,0.178941065,1,
JAKARTA TIMUR,KRAMAT JATI,KRAMAT JATI,2617,462,"42,746","29,268",19054.3424,3.824810933,0.129879863,3,1
JAKARTA TIMUR,KRAMAT JATI,KAMPUNG TENGAH,3472,614,"57,294","27,149",25539.2199,5.126531549,0.174082648,2,1
JAKARTA TIMUR,KRAMAT JATI,DUKUH,1832,324,"31,749","18,452",14152.34916,2.840825395,0.096466471,,
JAKARTA TIMUR,KRAMAT JATI,BATU AMPAR,3454,610,"61,825","24,136",27558.94631,5.531954708,0.187849682,,
JAKARTA TIMUR,KRAMAT JATI,BALE KAMBANG,2077,367,"37,959","22,191",16920.50211,3.3964815,0.115334995,,
JAKARTA TIMUR,KRAMAT JATI,CILILITAN,2698,477,"51,070","29,006",22764.82634,4.569622757,0.155171585,,
JAKARTA TIMUR,KRAMAT JATI,CAWANG,2107,372,"40,892","20,135",18227.90833,3.6589194,0.124246651,1,1
JAKARTA TIMUR,PASAR REBO,GEDONG,2312,409,"45,551","18,511",20304.69169,4.075795696,0.138402602,2,
JAKARTA TIMUR,PASAR REBO,BARU,1529,270,"30,761","15,757",13711.94092,2.752421492,0.093464522,,
JAKARTA TIMUR,PASAR REBO,CIJANTUNG,2586,457,"52,630","18,395",23460.20776,4.709207865,0.159911505,,
JAKARTA TIMUR,PASAR REBO,KALISARI,2757,487,"55,745","21,188",24848.74181,4.987930695,0.169376151,,
JAKARTA TIMUR,PASAR REBO,PEKAYON,2747,485,"56,304","17,462",25097.92015,5.037948692,0.171074622,,
JAKARTA TIMUR,CAKUNG,JATINEGARA,5264,930,"107,930","16,153",48110.58756,9.657321013,0.327935563,1,
JAKARTA TIMUR,CAKUNG,RAWA TERATE,1513,267,"31,325","7,542",13963.34805,2.802886878,0.095178185,,
JAKARTA TIMUR,CAKUNG,PENGGILINGAN,6317,1116,"132,882","30,053",59233.12421,11.88996693,0.403749963,,
JAKARTA TIMUR,CAKUNG,CAKUNG TIMUR,3699,654,"77,443","8,477",34520.78414,6.929416392,0.235303565,,
JAKARTA TIMUR,CAKUNG,PULO GEBANG,6058,1071,"127,698","18,423",56922.31826,11.42611488,0.387998847,,
JAKARTA TIMUR,CAKUNG,UJUNG MENTENG,1849,327,"39,006","10,179",17387.21003,3.490164583,0.11851621,,
JAKARTA TIMUR,CAKUNG,CAKUNG BARAT,3556,628,"75,229","12,308",33533.87743,6.731312911,0.228576526,,
JAKARTA TIMUR,DUREN SAWIT,DUREN SAWIT,3642,643,"77,299","18,578",34456.59509,6.916531613,0.234866034,,
JAKARTA TIMUR,DUREN SAWIT,PONDOK BAMBU,3688,652,"78,243","16,851",34877.39,7.000998499,0.237734293,1,3
JAKARTA TIMUR,DUREN SAWIT,KLENDER,4222,746,"89,444","29,514",39870.31774,8.003237475,0.271767521,,
JAKARTA TIMUR,DUREN SAWIT,PONDOK KELAPA,4403,778,"92,923","15,797",41421.10746,8.314530163,0.282338148,1,1
JAKARTA TIMUR,DUREN SAWIT,MALAKA SARI,1598,282,"33,664","26,289",15005.97442,3.012175063,0.102285025,,
JAKARTA TIMUR,DUREN SAWIT,MALAKA JAYA,1773,313,"37,550","33,814",16738.18737,3.359885148,0.114092286,,1
JAKARTA TIMUR,DUREN SAWIT,PONDOK KOPI,2170,383,"45,612","22,919",20331.88288,4.081253832,0.138587945,1,
JAKARTA TIMUR,MAKASAR,MAKASAR,2065,365,"43,984","29,714",19606.18997,3.935584244,0.133641414,,
JAKARTA TIMUR,MAKASAR,PINANG RANTI,1659,293,"35,611","15,405",15873.86393,3.186388016,0.108200809,1,
JAKARTA TIMUR,MAKASAR,KEBON PALA,2740,484,"58,936","28,190",26271.15342,5.273453824,0.179071716,,
JAKARTA TIMUR,MAKASAR,HALIM PERDANA KUSUMAH,1641,290,"35,684","2,715",15906.40421,3.192919883,0.108422613,1,
JAKARTA TIMUR,MAKASAR,CIPINANG MELAYU,2458,434,"53,884","21,721",24019.18744,4.821412818,0.16372167,1,
JAKARTA TIMUR,CIRACAS,CIRACAS,3856,681,"84,107","23,556",37491.31092,7.525695344,0.255551528,,
JAKARTA TIMUR,CIRACAS,CIBUBUR,3922,693,"85,042","17,488",37908.09402,7.609356931,0.258392441,2,1
JAKARTA TIMUR,CIRACAS,KELAPA DUA WETAN,2781,491,"60,153","17,635",26813.64008,5.382348104,0.182769461,,
JAKARTA TIMUR,CIRACAS,SUSUKAN,2271,401,"48,954","20,136",21821.60385,4.380288084,0.14874231,,1
JAKARTA TIMUR,CIRACAS,RAMBUTAN,2223,393,"47,571","18,506",21205.12147,4.256540516,0.14454019,1,
JAKARTA TIMUR,CIPAYUNG,CIPAYUNG,1590,281,"33,678","11,412",15012.21503,3.01342775,0.102327563,,
JAKARTA TIMUR,CIPAYUNG,CILANGKAP,1735,307,"36,491","6,597",16266.13037,3.265128334,0.11087461,,
JAKARTA TIMUR,CIPAYUNG,PONDOK RANGGON,1624,287,"34,030","7,238",15169.1216,3.044923877,0.103397083,,
JAKARTA TIMUR,CIPAYUNG,MUNJUL,1500,265,"31,313","15,124",13957.99896,2.801813146,0.095141724,,
JAKARTA TIMUR,CIPAYUNG,SETU,1315,232,"27,197","9,242",12123.26183,2.433523206,0.08263563,,
JAKARTA TIMUR,CIPAYUNG,BAMBU APUS,1662,294,"34,197","11,096",15243.56308,3.059866642,0.103904498,1,
JAKARTA TIMUR,CIPAYUNG,LUBANG BUAYA,4044,715,"82,660","22,276",36846.30008,7.396221208,0.251154949,1,
JAKARTA TIMUR,CIPAYUNG,CEGER,1202,212,"24,240","7,690",10805.15744,2.168937843,0.073651052,1,
JAKARTA BARAT,CENGKARENG,CENGKARENG BARAT,2256,543,"83,873","21,610",16768.94527,3.1377754,0.118037192,21,5
JAKARTA BARAT,CENGKARENG,DURI KOSAMBI,2768,666,"102,907","17,204",8114.151618,1.518305708,0.057115797,,
JAKARTA BARAT,CENGKARENG,RAWA BUAYA,2268,545,"82,349","21,956",9682.955413,1.811857502,0.068158662,,
JAKARTA BARAT,CENGKARENG,KEDAUNG KALI ANGKE,1151,277,"41,800","13,742",16916.2561,3.165339941,0.119074118,,
JAKARTA BARAT,CENGKARENG,KAPUK,4915,1182,"174,497","28,410",16421.95481,3.072847157,0.115594714,,
JAKARTA BARAT,CENGKARENG,CENGKARENG TIMUR,2955,711,"104,909","27,953",15941.97017,2.98303328,0.112216085,1,
JAKARTA BARAT,GROGOL PETAMBURAN,GROGOL,596,143,"20,411","18,888",10743.89477,2.010378599,0.075626651,,1
JAKARTA BARAT,GROGOL PETAMBURAN,TANJUNG DUREN UTARA,597,144,"20,452","15,477",13449.36549,2.516621497,0.094670554,1,
JAKARTA BARAT,GROGOL PETAMBURAN,TOMANG,1069,257,"35,759","19,005",1347.272424,0.252099235,0.009483498,1,
JAKARTA BARAT,GROGOL PETAMBURAN,JELAMBAR,1082,260,"36,218","22,629",1278.703189,0.239268681,0.009000836,,1
JAKARTA BARAT,GROGOL PETAMBURAN,TANJUNG DUREN SELATAN,949,228,"30,863","23,271",7408.491313,1.3862638,0.052148629,,
JAKARTA BARAT,GROGOL PETAMBURAN,JELAMBAR BARU,1442,347,"46,884","32,297",4334.555155,0.811074299,0.030511085,,
JAKARTA BARAT,GROGOL PETAMBURAN,WIJAYA KUSUMA,1550,373,"48,474","21,065",12910.98397,2.4158805,0.090880867,,
JAKARTA BARAT,TAMAN SARI,TAMAN SARI,549,132,"17,170","28,588",12613.72504,2.360257934,0.088788451,1,
JAKARTA BARAT,TAMAN SARI,KRUKUT,787,189,"23,720","38,849",1743.994421,0.326333153,0.012276038,,
JAKARTA BARAT,TAMAN SARI,MAPHAR,648,156,"19,548","27,108",2786.849585,0.521470368,0.019616732,,
JAKARTA BARAT,TAMAN SARI,TANGKI,545,131,"15,617","40,028",8610.713434,1.611221478,0.060611113,,
JAKARTA BARAT,TAMAN SARI,MANGGA BESAR,312,75,"8,950","16,238",10115.09229,1.89271819,0.071200488,1,
JAKARTA BARAT,TAMAN SARI,KEAGUNGAN,777,187,"21,291","59,033",20216.99819,3.782968966,0.142308157,,
JAKARTA BARAT,TAMAN SARI,GLODOK,324,78,"8,888","23,938",15249.1195,2.853388288,0.107339085,,
JAKARTA BARAT,TAMAN SARI,PINANGSIA,503,121,"12,842","12,942",6002.822015,1.123237445,0.042254074,,
JAKARTA BARAT,TAMBORA,TAMBORA,485,117,"12,374","42,634",11564.84181,2.163992758,0.081405326,,
JAKARTA BARAT,TAMBORA,KALI ANYAR,1221,294,"29,654","95,652",17626.0607,3.298157323,0.124070457,,
JAKARTA BARAT,TAMBORA,DURI UTARA,990,238,"24,050","64,965",11840.62576,2.215596964,0.083346579,,1
JAKARTA BARAT,TAMBORA,TANAH SEREAL,1555,374,"32,150","55,381",18637.64528,3.487443242,0.131191037,,
JAKARTA BARAT,TAMBORA,KERENDANG,1212,292,"25,061","75,903",27578.772,5.16049107,0.19412794,,
JAKARTA BARAT,TAMBORA,JEMBATAN BESI,2058,495,"36,464","68,734",17549.20288,3.283775823,0.123529452,,
JAKARTA BARAT,TAMBORA,ANGKE,1993,479,"35,314","44,128",21725.89809,4.065311649,0.152929356,,
JAKARTA BARAT,TAMBORA,JEMBATAN LIMA,1686,406,"25,594","52,222",20184.59734,3.776906177,0.142080086,,
JAKARTA BARAT,TAMBORA,PEKOJAN,1861,447,"28,240","35,694",26715.25176,4.998910688,0.188049591,,
JAKARTA BARAT,TAMBORA,ROA MALAKA,292,70,"3,859","7,120",18916.06651,3.53954093,0.133150853,,
JAKARTA BARAT,TAMBORA,DURI SELATAN,1309,315,"17,276","44,272",20038.41678,3.749553128,0.141051116,,
JAKARTA BARAT,KEBON JERUK,KEBON JERUK,5743,1381,"69,159","17,860",20873.30371,3.905775696,0.146927914,2,
JAKARTA BARAT,KEBON JERUK,SUKABUMI UTARA,4117,990,"49,576","32,182",19291.69028,3.609826986,0.135794882,,
JAKARTA BARAT,KEBON JERUK,SUKABUMI SELATAN,4392,1056,"47,941","35,244",23923.50437,4.476523851,0.168398383,1,
JAKARTA BARAT,KEBON JERUK,KELAPA DUA,2745,660,"29,963","22,016",17831.01489,3.33650799,0.125513137,,
JAKARTA BARAT,KEBON JERUK,DURI KEPA,7725,1858,"74,374","20,088",22009.21713,4.118325806,0.154923649,,2
JAKARTA BARAT,KEBON JERUK,KEDOYA UTARA,5952,1431,"57,300","19,480",10311.7579,1.929517911,0.072584824,1,
JAKARTA BARAT,KEBON JERUK,KEDOYA SELATAN,4638,1115,"40,526","15,627",12416.30593,2.323317218,0.087398811,2,1
JAKARTA BARAT,KALI DERES,KALIDERES,10656,2563,"93,103","18,037",1121.220004,0.209800705,0.007892307,2,
JAKARTA BARAT,KALI DERES,SEMANAN,11692,2812,"93,296","17,620",4286.707392,0.80212111,0.030174283,,
JAKARTA BARAT,KALI DERES,TEGAL ALUR,13588,3268,"108,427","14,245",6607.135484,1.236315513,0.046507858,,
JAKARTA BARAT,KALI DERES,KAMAL,9856,2370,"71,576","22,793",1232.362443,0.230597482,0.008674642,,
JAKARTA BARAT,KALI DERES,PEGADUNGAN,13517,3251,"98,166","12,944",2527.64281,0.472968055,0.017792166,2,
JAKARTA BARAT,PALMERAH,PALMERAH,12200,2934,"78,790","35,473",1259.865488,0.235743803,0.008868237,1,
JAKARTA BARAT,PALMERAH,SLIPI,3204,770,"20,690","20,878",2572.099786,0.481286766,0.0181051,2,
JAKARTA BARAT,PALMERAH,KOTA BAMBU UTARA,6125,1473,"31,790","46,055",5266.267879,0.985414737,0.037069444,,1
JAKARTA BARAT,PALMERAH,JATI PULO,6929,1666,"35,961","43,308",18426.28627,3.447894117,0.129703273,,
JAKARTA BARAT,PALMERAH,KEMANGGISAN,12380,2977,"39,352","18,548",15981.15259,2.990365025,0.112491892,,
JAKARTA BARAT,PALMERAH,KOTA BAMBU SELATAN,8971,2157,"28,517","48,303",9341.616259,1.747986722,0.065755963,,1
JAKARTA BARAT,KEMBANGAN,KEMBANGAN UTARA,41808,10055,"69,998","16,500",20019.57907,3.746028251,0.140918517,,
JAKARTA BARAT,KEMBANGAN,MERUYA UTARA,33402,8033,"55,924","13,033",10011.10818,1.873260867,0.07046854,1,
JAKARTA BARAT,KEMBANGAN,MERUYA SELATAN,41749,10040,"42,150","13,127",13113.67764,2.453808181,0.092307635,,
JAKARTA BARAT,KEMBANGAN,SRENGSENG,58025,13955,"58,583","12,753",10124.13439,1.894410131,0.071264136,,
JAKARTA BARAT,KEMBANGAN,JOGLO,123030,29588,"52,555","11,471",4895.918665,0.916115647,0.034462543,,
JAKARTA BARAT,KEMBANGAN,KEMBANGAN SELATAN,80504,19360,"34,389","7,510",30567.56175,5.719748124,0.215166136,1,
